{
    "rootAssembly": {
        "occurrences": [
            {
                "hidden": false,
                "fixed": false,
                "transform": [
                    3.109276594753584e-08,
                    -0.9999999999999999,
                    3.192137811986327e-09,
                    0.05385990827224421,
                    0.9999999999999999,
                    3.109276591681899e-08,
                    -2.088543064843576e-08,
                    -2.2072320360333464e-09,
                    2.0885430535103588e-08,
                    3.19213836057194e-09,
                    0.9999999999999999,
                    0.025499999828071725,
                    0.0,
                    0.0,
                    0.0,
                    1.0
                ],
                "path": [
                    "M1OmJA7G0ZG1DQgFX"
                ]
            },
            {
                "hidden": false,
                "fixed": false,
                "transform": [
                    -0.9999999999999883,
                    -3.109276597529142e-08,
                    3.1921378119862977e-09,
                    0.23006724588350427,
                    3.1092765875185206e-08,
                    -0.9999999999999999,
                    -2.088543059292439e-08,
                    -7.445823124729856e-09,
                    3.1921383605718968e-09,
                    -2.088543047959245e-08,
                    0.9999999999999896,
                    0.014000000025552739,
                    0.0,
                    0.0,
                    0.0,
                    1.0
                ],
                "path": [
                    "MmoVEDzUKGXJXM+a9"
                ]
            },
            {
                "hidden": false,
                "fixed": false,
                "transform": [
                    1.0,
                    3.316270276443552e-17,
                    3.1921379127865234e-09,
                    0.184168941971557,
                    3.316270276443553e-17,
                    0.9999999999999998,
                    -2.0885430607004525e-08,
                    0.20714285232859256,
                    -3.1921379127865234e-09,
                    2.0885430607004525e-08,
                    0.9999999999999998,
                    0.042966212084404466,
                    0.0,
                    0.0,
                    0.0,
                    1.0
                ],
                "path": [
                    "MJTfNhRD0nbLc1vnF"
                ]
            },
            {
                "hidden": false,
                "fixed": false,
                "transform": [
                    1.0,
                    3.3162702981670986e-17,
                    3.1921379474854903e-09,
                    -0.28384586352893276,
                    3.3162702981670986e-17,
                    0.9999999999999998,
                    -2.0885430690675148e-08,
                    -0.20714285178347072,
                    -3.1921379474854903e-09,
                    2.0885430690675148e-08,
                    0.9999999999999998,
                    0.043651538626846044,
                    0.0,
                    0.0,
                    0.0,
                    1.0
                ],
                "path": [
                    "M4BfjYx6GDd/U1YCX"
                ]
            },
            {
                "hidden": false,
                "fixed": false,
                "transform": [
                    3.109276589770574e-08,
                    1.0000000000000002,
                    -3.192137912786525e-09,
                    0.17762878482057962,
                    1.0000000000000004,
                    -3.109276598620794e-08,
                    2.0885430607004426e-08,
                    -5.882036191451334e-09,
                    2.0885430511169553e-08,
                    -3.1921383605719373e-09,
                    -1.0,
                    0.05286575117412707,
                    0.0,
                    0.0,
                    0.0,
                    1.0
                ],
                "path": [
                    "Mm+iN81ybe3hTInlj"
                ]
            },
            {
                "hidden": false,
                "fixed": false,
                "transform": [
                    1.0,
                    3.3162702764435684e-17,
                    3.1921379127865243e-09,
                    0.1840573497660555,
                    3.3162702764435697e-17,
                    0.9999999999999998,
                    -2.0885430607004423e-08,
                    -0.20714286557115186,
                    -3.1921379127865243e-09,
                    2.0885430607004423e-08,
                    0.9999999999999998,
                    0.04290146106622044,
                    0.0,
                    0.0,
                    0.0,
                    1.0
                ],
                "path": [
                    "MfE14J7sJngkdUddm"
                ]
            },
            {
                "hidden": false,
                "fixed": false,
                "transform": [
                    1.0,
                    3.316270302434252e-17,
                    3.1921379474854883e-09,
                    -0.28351617735735823,
                    3.316270302434253e-17,
                    0.9999999999999998,
                    -2.088543066251557e-08,
                    0.20714286760074727,
                    -3.1921379474854883e-09,
                    2.088543066251557e-08,
                    0.9999999999999998,
                    0.04366189275873409,
                    0.0,
                    0.0,
                    0.0,
                    1.0
                ],
                "path": [
                    "MEQ6ymaUotIcEYnp3"
                ]
            },
            {
                "hidden": false,
                "fixed": false,
                "transform": [
                    3.1092765947535895e-08,
                    -3.192137947485491e-09,
                    -1.0000000000000009,
                    0.23060207029497468,
                    1.0000000000000016,
                    2.0885430690675158e-08,
                    3.1092766191209486e-08,
                    -7.481680580623262e-09,
                    2.0885430535103627e-08,
                    -1.0000000000000002,
                    3.192137787173018e-09,
                    0.014920651638511709,
                    0.0,
                    0.0,
                    0.0,
                    1.0
                ],
                "path": [
                    "Myr3gfKisT1JEEHm0"
                ]
            },
            {
                "hidden": false,
                "fixed": false,
                "transform": [
                    3.109276594753584e-08,
                    -0.9999999999999999,
                    3.192137811986327e-09,
                    0.20906724106405847,
                    0.9999999999999999,
                    3.109276591681899e-08,
                    -2.088543064843576e-08,
                    -6.458707957346377e-09,
                    2.0885430535103588e-08,
                    3.19213836057194e-09,
                    0.9999999999999999,
                    -0.0020000006673715556,
                    0.0,
                    0.0,
                    0.0,
                    1.0
                ],
                "path": [
                    "Mv240N3AwToc/P252"
                ]
            },
            {
                "hidden": false,
                "fixed": false,